name,id,tier,rarity,tech/manufacturer,tags,uiTags,base value,unlocked,hidden,hiddenEverywhere,cost_frigate,cost_dest,cost_cruiser,cost_capital,script,desc,short,sModDesc,sprite
Boucliers Accélérés,advancedshieldemitter,0,,,"defensive, shields, merc, standard",Shields,3000,,,,3,6,9,15,data.hullmods.AcceleratedShieldEmitter,Augmente la vitesse de rotation des boucliers du vaisseau de %s et la vitesse de déploiement des boucliers de %s.,Augmente la vitesse de rotation et de déploiement des boucliers.,Augmente la vitesse de rotation et de déploiement des boucliers de %s supplémentaires.,graphics/hullmods/accelerated_shields.png
Bobines de Phase Adaptatives,adaptive_coils,2,,,"phase, merc, standard",Phase,5000,,,,5,10,15,25,com.fs.starfarer.api.impl.hullmods.AdaptivePhaseCoils,"Les bobines de phase peinent à maintenir une connexion avec l'espace normal lorsque le niveau de flux dur du vaisseau augmente, ce qui réduit considérablement la vitesse maximale tandis que les bobines luttent pour maintenir la traction.

Cette modification permet aux bobines de supporter des niveaux de flux dur plus élevés, augmentant le seuil auquel la vitesse atteint son minimum de %s. Pour des bobines de conception standard sans autres modifications, cela fait passer le seuil de %s à %s.",Réduit l'impact du niveau de flux dur sur la vitesse maximale en phase.,,graphics/hullmods/phase_field.png
Optique Avancée,advancedoptics,2,,,"offensive, merc, standard",Weapons,1000,,,,5,10,15,25,data.hullmods.AdvancedOptics,"Augmente la portée des armes à faisceau de %s, mais réduit leur vitesse de rotation de %s. Cumulable avec le Module de Ciblage Intégré.",Augmente la portée des armes à faisceau.,,graphics/hullmods/advanced_optics.png
Gyroscopes de Tourelle Avancés,turretgyros,0,,,"defensive, merc, standard",Weapons,2500,,,,2,4,6,10,data.hullmods.AdvancedTurretGyros,Augmente la vitesse de rotation de toutes les tourelles de %s.,Augmente la vitesse de rotation des tourelles.,Augmente les dégâts contre les missiles et les chasseurs de %s. Augmente les dégâts contre les vaisseaux plus petits de %s par différence de classe de taille.,graphics/hullmods/advanced_turret_gyros.png
Supports d'Armes Blindés,armoredweapons,0,,,"defensive, merc, standard","Weapons, Defenses",2500,TRUE,,,3,6,9,15,data.hullmods.ArmoredWeapons,"Augmente la résistance de toutes les armes de %s et réduit le recul de %s, mais diminue la vitesse de rotation des armes de %s. Augmente également le blindage du vaisseau de %s.","Rend les armes plus difficiles à désactiver, réduit le recul.",Augmente la cadence de tir de toutes les armes non-missiles de %s.,graphics/hullmods/armored_weapon_emplacements.png
Kit d'Assaut,assault_package,1,,,"defensive, civ_package, no_drop, no_drop_salvage, hide_in_codex","Special, Defenses",8000,,,,3,6,9,15,com.fs.starfarer.api.impl.hullmods.AssaultPackage,"Augmente l'intégrité de coque du vaisseau de %s, le blindage de %s, et la capacité de flux de %s.

Tentera d'engager les ennemis et agira comme un vaisseau de combat durant la bataille.","Augmente l'intégrité de coque, le blindage et la capacité de flux.",,graphics/hullmods/assault_package.png
Unité de Réparation Automatisée,autorepair,2,,,"engines, defensive, merc, standard",Defenses,7500,,,,3,6,9,15,data.hullmods.AutomatedRepairUnit,Réduit le temps nécessaire pour réparer les armes et moteurs désactivés (en combat) de %s.,Augmente la vitesse de réparation des armes en combat.,"Réduit le temps de réparation à %s, et réduit la durée de surcharge de %s.",graphics/hullmods/automated_repair_unit.png
Propulseurs Auxiliaires,auxiliarythrusters,1,,,"engines, merc, standard",Engines,5000,TRUE,,,4,8,12,20,data.hullmods.AuxiliaryThrusters,Augmente la maniabilité du vaisseau de %s.,Augmente la maniabilité.,"Augmente le bonus de vitesse à flux zéro de %s, et %s le bonus de rotation à flux zéro.",graphics/hullmods/auxilliary_thrusters.png
Télémètre Balistique,ballistic_rangefinder,2,,,"offensive, merc, standard",Weapons,8000,,,,5,10,15,25,com.fs.starfarer.api.impl.hullmods.BallisticRangefinder,<tooltip created in the script due to lots of highlighting>,Augmente la portée de base des armes de petit et moyen calibre en emplacements balistiques.,,graphics/hullmods/ballistic_rangefinder.png
Portes Blindées,blast_doors,0,,,"defensive, merc, standard",Defenses,2500,TRUE,,,4,8,12,20,data.hullmods.BlastDoors,"Installe des portes hermétiques et lourdement renforcées supplémentaires aux jonctions critiques du vaisseau. Augmente l'intégrité de coque de %s.

Le vaisseau subit %s de pertes d'équipage en moins dues aux dommages de coque subis en combat.","Augmente l'intégrité de coque, réduit les pertes d'équipage.",Augmente la réduction des pertes d'équipage à %s.,graphics/hullmods/blast_doors.png
Hangar Improvisé,converted_hangar,1,,,"special, non_phase, merc, standard",Fighters,5000,,,,0,10,10,10,com.fs.starfarer.api.impl.hullmods.ConvertedHangar,<Tooltip created in script>,Baie de chasseurs improvisée pour les non-porteurs.,"Augmente la vitesse de récupération du taux de remplacement des chasseurs de %s pour les croiseurs, et de %s pour les vaisseaux capitaux. Aucun effet supplémentaire pour les destroyers.",graphics/hullmods/converted_hangar.png
Baie de Chasseurs Convertie,converted_fighterbay,0,,,"req_spaceport, special, non_phase, standard","Fighters, Logistics, Requires Dock",3000,,,,2,4,6,10,data.hullmods.ConvertedFighterBay,"Convertit les baies de chasseurs du vaisseau abritant des escadrons intégrés en soutes cargo improvisées, lui offrant %s de capacité cargo supplémentaire et réduisant ses besoins en équipage de %s par baie de chasseurs. La réduction d'équipage est limitée à un maximum de %s.",Convertit les baies de chasseurs intégrées en soutes cargo improvisées.,Coût de maintenance mensuel réduit de %s par baie de chasseurs.,graphics/hullmods/converted_fighter_bay.png
Noyau de Ciblage Dédié,dedicated_targeting_core,0,,,"offensive, merc, standard",Weapons,2500,TRUE,,,0,0,15,25,data.hullmods.DedicatedTargetingCore,"Augmente la portée des armes balistiques et énergétiques de %s/%s pour les croiseurs/vaisseaux capitaux.

Ne peut pas être installé sur une frégate ou un destroyer, et ne peut pas fonctionner conjointement avec le Module de Ciblage Intégré.

La plupart des vaisseaux de combat installent soit un Module de Ciblage Intégré soit un Noyau de Ciblage Dédié, à l'exception des variantes plus spécialisées.","Augmente la portée des armes, davantage pour les grands vaisseaux.",Augmente le bonus de portée à %s pour les croiseurs et %s pour les vaisseaux capitaux.,graphics/hullmods/targeting_core.png
Matrice de Ciblage Défensive,defensive_targeting_array,2,,,"special, merc, standard",Fighters,3000,,,,2,4,6,10,com.fs.starfarer.api.impl.hullmods.DefensiveTargetingArray,"Les liaisons de communication standard des chasseurs sont reconverties pour fournir des données de ciblage à courte portée.

Augmente les dégâts des chasseurs contre les missiles et autres chasseurs de %s, mais empêche les chasseurs de s'éloigner du vaisseau porteur.","Augmente les dégâts de défense de point des chasseurs, réduit leur rayon d'action à zéro.",Augmente la portée des armes balistiques et énergétiques des chasseurs du vaisseau de %s unités.,graphics/hullmods/defensive_targeting_array.png
Kit ECCM,eccm,2,,,"offensive, defensive, merc, standard",Weapons,2500,,,,5,8,15,20,data.hullmods.ECCMPackage,"Réduit la probabilité que les missiles tirés par le vaisseau soient affectés par les contre-mesures électroniques et les leurres de %s.

Un noyau CPU auxiliaire dans chaque missile augmente la vitesse maximale des missiles de %s et la maniabilité des missiles de %s, tout en améliorant significativement l'algorithme de guidage.

Réduit également la réduction de portée des armes due aux ECM ennemies de %s.","Améliore la vitesse et le guidage des missiles, réduit l'effet de la Guerre Électronique ennemie.","Annule complètement la réduction de portée des armes, et les missiles du vaisseau ignorent toujours les leurres.",graphics/hullmods/eccm_package.png
Kit ECM,ecm,2,,,"offensive, special, merc, standard","Weapons, Support",4000,,,,6,12,18,24,com.fs.starfarer.api.impl.hullmods.ECMPackage,"Lorsque déployé en combat, confère un indice ECM de %s/%s/%s/%s, selon la taille de coque du vaisseau.",Augmente l'indice ECM du vaisseau.,,graphics/hullmods/ecm_package.png
Kit d'Escorte,escort_package,1,,,"special, weapons, engines, standard","Special, Weapons, Engines",8000,,,,0,7,15,0,com.fs.starfarer.api.impl.hullmods.EscortPackage,"Lorsque ce vaisseau se trouve dans un rayon d'environ %s su d'un vaisseau allié plus grand, augmente sa maniabilité de %s, et sa vitesse maximale de %s. Augmente également la portée des armes balistiques et énergétiques de %s.

Ces bonus sont %s pour les destroyers lorsque l'allié à proximité est un vaisseau capital.","Augmente la maniabilité, la vitesse maximale et la portée des armes à proximité d'un vaisseau allié plus grand.",Destroyers : réduit les dégâts subis par les boucliers de %s. Aucun effet supplémentaire pour les croiseurs.,graphics/hullmods/escort_package.png
Équipage de Pont Élargi,expanded_deck_crew,1,,,"special, merc, standard",Fighters,4000,,,,5,10,15,25,com.fs.starfarer.api.impl.hullmods.ExpandedDeckCrew,"Réduit la vitesse à laquelle le taux de remplacement des chasseurs diminue en raison des pertes de %s, et augmente la vitesse de récupération de %s.

Augmente l'équipage requis de %s par baie de chasseurs.","Améliore le taux de remplacement des chasseurs, augmente les besoins en équipage.",,graphics/hullmods/expanded_deck_crew.png
Chargeurs Élargis,magazines,1,,,"offensive, merc, standard",Weapons,2500,,,,3,5,7,10,data.hullmods.ExpandedMagazines,Augmente la capacité en munitions ou le nombre de charges des armes balistiques et énergétiques de %s.,Augmente les munitions/charges des armes balistiques et énergétiques.,Augmente le taux de régénération des munitions/charges des armes balistiques et énergétiques de %s.,graphics/hullmods/expanded_magazines2.png
Racks de Missiles Élargis,missleracks,1,,,"offensive, merc, standard",Weapons,5000,,,,8,12,20,30,data.hullmods.ExpandedMissileRacks,Augmente la capacité en munitions des armes à missiles de %s.,Augmente les munitions des armes à missiles.,Réduit la cadence de tir des armes à missiles de %s.,graphics/hullmods/expanded_missile_racks.png
Boucliers Étendus,extendedshieldemitter,1,,,"shields, defensive, merc, standard",Shields,5000,,,,4,8,12,20,data.hullmods.ExtendedShieldEmitter,Augmente la couverture des boucliers de %s degrés.,Augmente l'arc maximal des boucliers.,Augmente la couverture des boucliers de %s degrés supplémentaires.,graphics/hullmods/extended_shields.png
Bobine de Flux Auxiliaire,fluxcoil,0,,,"special, merc, standard",Special,4000,TRUE,,,4,8,12,20,data.hullmods.FluxCoilAdjunct,"Augmente la capacité de flux du vaisseau de %s/%s/%s/%s, selon la taille de coque. Moins efficace que les condensateurs de flux — surtout utile lorsqu'ajouté à une conception qui embarque déjà le nombre maximal de condensateurs.",Augmente la capacité de flux.,"Augmente la capacité de flux de %s/%s/%s/%s supplémentaires, rendant la bobine aussi efficace que l'ajout de condensateurs.",graphics/hullmods/flux_coil_adjunct.png
Distributeur de Flux,fluxdistributor,0,,,"special, merc, standard",Special,4000,TRUE,,,4,8,12,20,data.hullmods.FluxDistributor,"Augmente la dissipation de flux du vaisseau de %s/%s/%s/%s, selon la taille de coque. Moins efficace que les évents de flux — surtout utile lorsqu'ajouté à une conception qui embarque déjà le nombre maximal d'évents.",Augmente la dissipation de flux.,"Augmente la dissipation de flux de %s/%s/%s/%s supplémentaires, rendant le distributeur aussi efficace que l'ajout d'évents.",graphics/hullmods/flux_distributor.png
,,,,,,,,,,,,,,,,,,,
Dérivation de Bouclier,shield_shunt,1,,,"special, shields, merc, standard","Special, Shields",3000,,,,3,5,7,10,com.fs.starfarer.api.impl.hullmods.ShieldShunt,"Retire les boucliers du vaisseau. Les nœuds d'émission externes sont remplacés par un blindage renforcé, augmentant le blindage du vaisseau de %s.","Retire les boucliers, augmente le blindage.",Augmente le blindage du vaisseau de %s supplémentaires.,graphics/hullmods/shield_shunt.png
Générateur de Bouclier Improvisé,frontshield,0,,,"shields, defensive, standard",Shields,4000,,,,5,10,15,25,data.hullmods.FrontShieldGenerator,"Installe un générateur de bouclier de fortune inefficace sur le vaisseau. L'émetteur de bouclier est verrouillé en position frontale et possède un arc de %s degrés.

Le générateur de bouclier tire une grande partie de son énergie des moteurs et réduit la vitesse maximale du vaisseau de %s.",Installe des boucliers basiques sur un vaisseau sans bouclier. Réduit la vitesse maximale.,,graphics/hullmods/front_shield_generator.png
Autochargeur de Missiles,missile_autoloader,1,,,"offensive, merc, standard",Weapons,6000,,,,8,12,20,30,com.fs.starfarer.api.impl.hullmods.MissileAutoloader,<tooltip created in the script due to sections/other complexity>,Recharge les armes à missiles dans les petits emplacements de missiles.,Augmente le temps de rechargement après recharge à %s secondes.,graphics/hullmods/missile_autoloader.png
Boucliers Renforcés,hardenedshieldemitter,3,,,"shields, defensive, merc, standard",Shields,10000,,,,5,10,15,25,data.hullmods.HardenedShieldEmitter,Réduit les dégâts subis par les boucliers de %s. Réduit également la probabilité que les boucliers soient percés par les arcs EMP d'armes comme le Rayon Ionique.,Réduit les dégâts subis par les boucliers.,,graphics/hullmods/hardened_shields.png
Sous-systèmes Renforcés,hardened_subsystems,0,,,"special, merc, standard",Special,2500,TRUE,,,5,10,15,25,data.hullmods.HardenedSubsystems,"Augmente le temps de performance maximale pour les vaisseaux qui souffrent d'une dégradation de performance lors des déploiements prolongés de %s.

Réduit également la vitesse à laquelle la disponibilité opérationnelle se dégrade de %s.","Augmente le temps de performance maximale, la DO se dégrade plus lentement.",,graphics/hullmods/hardened_subsystems.png
Blindage Lourd,heavyarmor,0,,,"defensive, merc, standard",Defenses,2500,,,,8,15,20,40,data.hullmods.HeavyArmor,"Augmente le blindage du vaisseau de %s/%s/%s/%s points, selon la taille de coque.",Augmente le blindage.,Réduit la maniabilité du vaisseau de %s.,graphics/hullmods/heavy_armor.png
Amplificateur Haute Dispersion,high_scatter_amp,3,,,"offensive, merc, standard",Weapons,5000,,,,4,8,12,20,com.fs.starfarer.api.impl.hullmods.HighScatterAmp,<tooltip created in the script due to sections>,Réduit la portée des faisceaux ; les faisceaux infligent plus de dégâts et appliquent du flux dur aux boucliers.,Augmente les dégâts des armes à faisceau de %s supplémentaires.,graphics/hullmods/high_scatter_amp.png
IA de Défense de Point Intégrée,pointdefenseai,3,,,"defensive, merc, standard","Weapons, Defenses",10000,,,,3,6,9,15,data.hullmods.IntegratedPointDefenseAI,"Confère à toutes les armes de défense de point la capacité d'identifier — et d'ignorer — les leurres. De plus, toutes les armes de défense de point bénéficient du meilleur guidage de tir possible, indépendamment de la disponibilité opérationnelle, et tous les dégâts contre les missiles sont augmentés de %s.","La DP ignore les leurres, guidage de tir amélioré, plus de dégâts contre les missiles.","Toutes les petites armes non-missiles et non-frappe sont classifiées comme ""défense de point"", ciblent automatiquement les missiles, et sont affectées par les modificateurs de défense de point.",graphics/hullmods/integrated_point_defense_ai.png
#Point Defense Integration,pdintegration,3,,,"defensive, merc","Weapons, Defenses",10000,,,,12,15,18,24,com.fs.starfarer.api.impl.hullmods.PDIntegration,"Réduit le coût en points d'armement des petites armes de défense de point de %s. La réduction de coût ne s'applique qu'aux armes qui possèdent la capacité DP comme caractéristique intrinsèque de l'arme, et non lorsqu'elle est acquise par d'autres moyens comme un hullmod.

De plus, toutes les armes de défense de point infligent %s de dégâts supplémentaires à toutes les cibles.","Réduit le coût en points d'armement des petites armes DP, augmente tous les dégâts DP.",,graphics/hullmods/integrated_point_defense_ai.png
Module de Ciblage Intégré,targetingunit,3,,,"offensive, merc, standard",Weapons,10000,,,,4,8,15,25,data.hullmods.IntegratedTargetingUnit,"Augmente la portée des armes balistiques et énergétiques de %s/%s/%s/%s, selon la taille de coque. Ne peut pas fonctionner conjointement avec le Noyau de Ciblage Dédié.

La plupart des vaisseaux de combat installent soit un Module de Ciblage Intégré soit un Noyau de Ciblage Dédié, à l'exception des variantes plus spécialisées.","Augmente la portée des armes, davantage pour les grands vaisseaux.",,graphics/hullmods/integrated_targeting_unit.png
Relais de Navigation,nav_relay,2,,,"engines, special, merc, standard","Engines, Support",5000,,,,10,15,20,25,com.fs.starfarer.api.impl.hullmods.NavRelay,"Lorsque déployé en combat, augmente l'indice de navigation de votre flotte de %s/%s/%s/%s, selon la taille de coque du vaisseau.

L'indice de navigation total de votre flotte augmente la vitesse maximale de vos vaisseaux déployés.",Augmente la vitesse maximale des vaisseaux déployés.,,graphics/hullmods/nav_relay.png
Interface Neurale,neural_interface,3,,,"special, no_drop, no_drop_salvage",Special,10000,,,,3,6,9,15,com.fs.starfarer.api.impl.hullmods.NeuralInterface,"Relie le vaisseau amiral à un autre vaisseau, permettant aux deux vaisseaux de %s en même temps. Comme pour le ""transfert de commandement"", certains effets de compétences — comme ceux augmentant la capacité en munitions, ou la disponibilité opérationnelle — ne s'appliquent pas à l'autre vaisseau.

Permet également de basculer rapidement entre les vaisseaux liés sans utiliser de navette. Le transfert est instantané si les points de déploiement combinés des vaisseaux sont de %s ou moins. Le vaisseau de destination ne doit pas être sous le commandement d'un officier ou d'un noyau IA.","Permet de basculer rapidement entre les vaisseaux, réinitialise le temps de rechargement du système et ajoute une charge.","Les transferts depuis le vaisseau sont toujours instantanés, indépendamment du total de points de déploiement.",graphics/hullmods/neural_interface.png
Intégrateur Neural,neural_integrator,,,,"special, no_drop, no_drop_salvage",Special,10000,,,,3,6,9,15,com.fs.starfarer.api.impl.hullmods.NeuralIntegrator,"Une version augmentée de l'Interface Neurale qui fonctionne avec les vaisseaux automatisés en permettant le contrôle direct de tous les systèmes du vaisseau via le lien et en permettant aux deux vaisseaux de %s en même temps. Comme pour le ""transfert de commandement"", certains effets de compétences — comme ceux augmentant la capacité en munitions, ou la disponibilité opérationnelle — ne s'appliquent pas à l'autre vaisseau.

Permet également de basculer rapidement entre les vaisseaux liés sans utiliser de navette. Le transfert est instantané si les points de déploiement combinés des vaisseaux sont de %s ou moins. Le vaisseau de destination ne doit pas être sous le commandement d'un officier ou d'un noyau IA.

La complexité des modifications augmente les points de déploiement du vaisseau et le coût en fournitures pour la récupération après déploiement de %s.",Interface Neurale spécialisée pour les vaisseaux automatisés.,"Les transferts depuis le vaisseau sont toujours instantanés, indépendamment du total de points de déploiement.",graphics/hullmods/neural_integrator.png
Conversion de Bouclier – Frontal,frontemitter,2,,,"shields, defensive, merc, standard",Shields,7000,,,,3,5,8,12,data.hullmods.FrontShieldEmitter,"Verrouille l'émetteur de bouclier omnidirectionnel du vaisseau en position frontale et étend son arc de %s. Comme pour tous les émetteurs frontaux, le bouclier se déploiera aussi deux fois plus vite.","Convertit le bouclier omni en frontal, étend l'arc.",Réduit les dégâts subis par les boucliers de %s.,graphics/hullmods/front_shield_emitter.png
Conversion de Bouclier – Omni,adaptiveshields,3,,,"shields, defensive, merc, standard",Shields,7000,,,,3,5,8,12,data.hullmods.OmniShieldEmitter,Convertit les boucliers frontaux en omnidirectionnels. Réduit l'arc du bouclier de %s.,"Convertit le bouclier frontal en omni, réduit l'arc.",Annule la pénalité d'arc du bouclier.,graphics/hullmods/omni_shield_emitter_mod.png
Centre d'Opérations,operations_center,1,,,special,Special,5000,,,,30,30,30,30,com.fs.starfarer.api.impl.hullmods.OperationsCenter,Augmente le taux de récupération des points de commandement de %s lorsqu'installé sur le vaisseau amiral.,Augmente le taux de récupération des points de commandement sur le vaisseau amiral.,,graphics/hullmods/operations_center.png
Ancre de Phase,phase_anchor,3,,,"phase, merc, no_build_in, standard, phase_brawler",Phase,7000,,,,10,20,30,50,com.fs.starfarer.api.impl.hullmods.PhaseAnchor,"Réduit le coût d'activation du voile de phase à %s. Augmente la dissipation de flux léger et le taux de recharge des armes de %s en phase.

Lorsque le vaisseau subit des dégâts critiques qui le détruiraient ou le désactiveraient autrement, capable d'initier un plongeon d'urgence dans l'espace-p. Le vaisseau compte comme retiré et émergera dans l'espace normal à la fin du combat, subissant une pénalité supplémentaire de disponibilité opérationnelle égale à %s de son coût de déploiement. Le vaisseau doit avoir suffisamment de disponibilité opérationnelle pour couvrir ce coût afin d'initier le plongeon.

En raison des immenses distorsions dans l'espace-p causées par une telle manœuvre, un seul vaisseau par bataille — quel que soit le camp — est capable de l'effectuer.","Augmente la dissipation de flux et la recharge des armes en phase, manœuvre de plongeon d'urgence.",,graphics/hullmods/phase_anchor.png
Navettes de Récupération,recovery_shuttles,1,,,"special, standard",Fighters,4000,,,,3,6,9,15,com.fs.starfarer.api.impl.hullmods.RecoveryShuttles,Réduit les pertes subies par les pilotes de chasseurs de %s.,Réduit les pertes de pilotes de chasseurs.,Augmente la réduction des pertes de pilotes de chasseurs à %s.,graphics/hullmods/recovery_shuttles.png
Cloisons Renforcées,reinforcedhull,0,,,"defensive, merc, standard",Defenses,2500,TRUE,,,5,10,15,30,data.hullmods.ReinforcedBulkheads,"Augmente l'intégrité de coque du vaisseau de %s. Si désactivé, le vaisseau ne se désintégrera pas et est presque toujours récupérable après la bataille.",Augmente l'intégrité de coque ; vaisseau presque toujours récupérable en cas de perte.,,graphics/hullmods/reinforced_bulkheads.png
Conduits de Flux Résistants,fluxbreakers,2,,,"defensive, merc, standard","Special, Defenses",7000,,,,3,6,9,15,data.hullmods.FluxBreakers,Réduit les dégâts EMP subis par des armes comme les Canons Ioniques de %s. Augmente également la dissipation de flux du vaisseau pendant la purge de %s.,"Réduit les dégâts EMP subis, améliore la vitesse de purge.",Augmente la dissipation de flux pendant la purge de %s supplémentaires.,graphics/hullmods/resistant_flux_conduits.png
Safety Overrides,safetyoverrides,0,,,"special, engines, offensive, merc, no_build_in, standard","Special, Engines",2500,TRUE,,,15,30,45,70,data.hullmods.SafetyOverrides,"La désactivation des protocoles de sécurité augmente la vitesse maximale du vaisseau en combat de %s/%s/%s (selon la taille de coque, avec une augmentation correspondante de l'accélération) et permet au boost moteur à flux zéro de s'activer indépendamment du niveau de flux. Le taux de dissipation de flux, incluant celui des évents supplémentaires, est augmenté d'un facteur %s.

Réduit le temps de performance maximale d'un facteur %s, empêche l'utilisation de la purge active, et réduit drastiquement la portée des armes au-delà de %s unités.

Ne peut pas être installé sur les vaisseaux civils ou capitaux.","Amélioration drastique des performances, temps de performance maximale bien inférieur.",,graphics/hullmods/safety_overrides.png
,,,,,,,,,,,,,,,,,,,
Boucliers Stabilisés,stabilizedshieldemitter,1,,,"shields, defensive, merc, standard",Shields,5000,,,,3,6,9,15,data.hullmods.StabilizedShieldEmitter,Réduit la quantité de flux léger générée par les boucliers levés par seconde de %s. N'affecte pas le flux dur généré lorsque les boucliers subissent des dégâts.,Réduit le coût de maintien de flux des boucliers.,Convertit %s du flux dur subi par les boucliers en flux léger.,graphics/hullmods/stabilized_shields.png
,,,,,,,,,,,,,,,,,,,
Injecteur Instable,unstable_injector,0,,,"engines, merc, standard",Engines,2500,TRUE,,,5,10,15,25,data.hullmods.UnstableInjector,"Augmente la vitesse maximale du vaisseau en combat de %s/%s/%s/%s su/seconde, selon la taille de coque.

Interfère avec le ciblage des armes et d'autres systèmes vulnérables, réduisant la portée des armes non-missiles de %s et augmentant le temps de remplacement des chasseurs de %s.","Augmente la vitesse, réduit la portée des armes.",,graphics/hullmods/unstable_injector.png
,,,,,,,,,,,,,,,,,,,
,,,,,,,,,,,,,,,,,,,
,,,,,,,,,,,,,,,,,,,
,,,,,,,,,,,,,,,,,,,
Couchettes Supplémentaires,additional_berthing,0,,,"req_spaceport, merc, standard","Logistics, Requires Dock",3000,TRUE,,,5,10,15,25,com.fs.starfarer.api.impl.hullmods.AdditionalBerthing,"Augmente la capacité maximale d'équipage de %s/%s/%s/%s, selon la taille de coque, ou de %s, selon la valeur la plus élevée.

Pour les coques de grade civil, augmente également le coût de maintenance en fournitures de %s.",Augmente la capacité d'équipage.,"Double l'augmentation de capacité d'équipage et, pour les coques civiles, annule l'augmentation du coût de maintenance.",graphics/hullmods/berthing.png
Champ de Propulsion Augmenté,augmentedengines,1,,,"req_spaceport, merc, standard","Logistics, Requires Dock",8000,,,,8,16,24,40,data.hullmods.AugmentedEngines,Augmente le niveau de propulsion maximal de %s.,Augmente le niveau de propulsion maximal.,Augmente le niveau de propulsion maximal de %s supplémentaires.,graphics/hullmods/augmented_drive_field2.png
Réservoirs de Carburant Auxiliaires,auxiliary_fuel_tanks,0,,,"req_spaceport, merc, standard","Logistics, Requires Dock",4000,TRUE,,,5,10,15,25,com.fs.starfarer.api.impl.hullmods.AuxiliaryFuelTanks,"Augmente la capacité maximale de carburant de %s/%s/%s/%s, selon la taille de coque, ou de %s, selon la valeur la plus élevée.

Pour les coques de grade civil, augmente également le coût de maintenance en fournitures de %s.",Augmente la capacité de carburant.,"Double l'augmentation de capacité de carburant et, pour les coques civiles, annule l'augmentation du coût de maintenance.",graphics/hullmods/fuel_tanks.png
Révision d'Efficacité,efficiency_overhaul,0,,,"req_spaceport, merc, standard","Logistics, Requires Dock",4000,,,,3,6,9,15,com.fs.starfarer.api.impl.hullmods.EfficiencyOverhaul,"Réduit la consommation de fournitures pour la maintenance, la consommation de carburant et l'équipage minimum requis de %s.

Augmente les taux de récupération de disponibilité opérationnelle et de réparation de %s. La consommation quotidienne de fournitures pour la récupération de DO est augmentée pour tenir compte du taux accru, mais le coût total en fournitures reste le même.",Réduit les coûts courants et permet plus de déploiements.,"Réduit le coût de maintenance, la consommation de carburant et l'équipage minimum requis de %s supplémentaires.",graphics/hullmods/efficiency.png
Soutes à Cargo Élargies,expanded_cargo_holds,0,,,"req_spaceport, merc, standard","Logistics, Requires Dock",4000,TRUE,,,5,10,15,25,com.fs.starfarer.api.impl.hullmods.ExpandedCargoHolds,"Augmente la capacité maximale de cargo de %s/%s/%s/%s, selon la taille de coque, ou de %s, selon la valeur la plus élevée.

Pour les coques de grade civil, augmente également le coût de maintenance en fournitures de %s.",Augmente la capacité de cargo.,"Double l'augmentation de capacité de cargo et, pour les coques civiles, annule l'augmentation du coût de maintenance.",graphics/hullmods/expanded_cargo.png
Capteurs Haute Résolution,hiressensors,2,,,"req_spaceport, merc, standard","Logistics, Requires Dock",9000,,,,4,6,9,15,com.fs.starfarer.api.impl.hullmods.HighResSensors,<Tooltip created in script>,Augmente la portée des capteurs de la flotte.,"Augmente la portée de vision en combat du vaisseau de %s/%s/%s/%s, selon la taille de coque.",graphics/hullmods/high_res_sensors.png
Assemblage Moteur Isolé,insulatedengine,0,,,"engines, defensive, req_spaceport, merc, standard","Engines, Logistics, Defenses, Requires Dock",2500,,,,3,6,9,15,data.hullmods.InsulatedEngines,"Augmente la résistance des moteurs du vaisseau de %s, et l'intégrité de coque du vaisseau de %s.

Le profil capteur du vaisseau est également réduit de %s.","Rend les moteurs plus difficiles à désactiver, réduit le profil capteur.","Augmente la résistance des moteurs de %s supplémentaires, et augmente la réduction du profil capteur à %s.",graphics/hullmods/insulated_engine_assembly.png
Sous-systèmes Militarisés,militarized_subsystems,0,,,"req_spaceport, merc, standard","Special, Logistics, Requires Dock",6000,TRUE,,,4,8,12,20,com.fs.starfarer.api.impl.hullmods.MilitarizedSubsystems,"Retire les pénalités d'une coque de grade civil, et augmente le niveau de propulsion maximal de %s.

Augmente l'équipage minimum requis de %s.","Retire les pénalités de capteurs, augmente le niveau de propulsion maximal, augmente l'équipage requis.",Annule l'augmentation des besoins en équipage.,graphics/hullmods/militarized_subsystems.png
Blindage Solaire,solar_shielding,2,,,"defensive, req_spaceport, merc, standard","Defenses, Logistics, Requires Dock",5000,,,,3,6,9,15,data.hullmods.SolarShielding,"Développé à l'origine par les ingénieurs du Diktat après des cycles passés à gérer les conditions uniques du système interne d'Askonia. Réduit l'effet de l'opération dans une couronne solaire sur la disponibilité opérationnelle de %s ; a le même effet contre les tempêtes en hyperespace profond.

En combat, réduit les dégâts d'énergie subis de %s.",Réduit l'effet d'être dans une couronne et les dégâts d'énergie subis.,Augmente la protection contre les couronnes solaires et dangers similaires à %s.,graphics/hullmods/solar_shielding2.png
Équipement de Prospection,surveying_equipment,1,,,"special, req_spaceport, standard","Logistics, Requires Dock",5000,,,,5,10,15,25,data.hullmods.SurveyingEquipment,"Réduit les machines lourdes et fournitures nécessaires pour effectuer des relevés de %s/%s/%s/%s selon la taille de coque, jusqu'à un minimum de %s pour chaque.",Réduit les ressources nécessaires pour les relevés.,Augmente la réduction du coût des relevés de %s.,graphics/hullmods/surveying_equipment.png
,,,,,,,,,,,,,,,,,,,
,,,,,,,,,,,,,,,,,,,
Noyau Terminateur,terminator_core,,,,,Weapons,,,TRUE,,0,0,0,0,com.fs.starfarer.api.impl.hullmods.TerminatorCore,"Confère à toutes les armes de défense de point la capacité d'identifier — et d'ignorer — les leurres. De plus, toutes les armes bénéficient du meilleur guidage de tir possible, indépendamment de la disponibilité opérationnelle, tous les dégâts contre les missiles et chasseurs sont augmentés de %s, et la portée des armes à faisceau est augmentée de %s unités.",,,graphics/hullmods/terminator_core.png
Dissipateur de Flux Partagé,shared_flux_sink,,,,,,,,TRUE,,0,0,0,0,com.fs.starfarer.api.impl.hullmods.SharedFluxSink,"Gère %s de la dissipation de flux de tous les modules attachés. Si des modules sont perdus durant la bataille, la dissipation de flux supplémentaire est redistribuée parmi les modules restants. Jusqu'à %s de cette dissipation supplémentaire s'applique au flux dur.",Bonus de dissipation de flux/flux dur à mesure que des modules sont perdus.,,graphics/hullmods/shared_flux_sink.png
Champ de Mines Furtif,stealth_minefield,,,,,,,,TRUE,,0,0,0,0,com.fs.starfarer.api.impl.hullmods.StealthMinefield,Les mines attaquent les vaisseaux ennemis durant la bataille.,Les mines attaquent les vaisseaux ennemis durant la bataille.,,graphics/hullmods/stealth_mines.png
Champ de Mines Furtif,stealth_minefield_lt,,,,,,,,TRUE,,0,0,0,0,com.fs.starfarer.api.impl.hullmods.StealthMinefieldLT,Les mines attaquent les vaisseaux ennemis durant la bataille.,Les mines attaquent les vaisseaux ennemis durant la bataille.,,graphics/hullmods/stealth_mines.png
Pont B,bdeck,,,,,,,,TRUE,,0,0,0,0,com.fs.starfarer.api.impl.hullmods.BDeck,"Une fois par combat, lorsque le taux de remplacement des chasseurs atteint %s, les baies de lancement de chasseurs basculent sur un ""Pont B"".

Des chasseurs en attente sont lancés pour remettre rapidement les escadrons à pleine puissance, et le taux de remplacement des chasseurs est réinitialisé à %s.",Lance un escadron frais une fois par combat et régénère le taux de remplacement.,,graphics/hullmods/bdeck.png
Stockage de Châssis de Chasseurs,chassis_storage,,,,,,,,TRUE,,0,0,0,0,com.fs.starfarer.api.impl.hullmods.FighterChassisStorage,Le taux de remplacement des chasseurs ne diminue pas lorsque des chasseurs sont perdus.,Le taux de remplacement des chasseurs ne diminue pas.,,graphics/hullmods/expanded_deck_crew.png
Bouclier Toujours Actif,shield_always_on,,,,,,,,TRUE,TRUE,0,0,0,0,com.fs.starfarer.api.impl.hullmods.ShieldAlwaysOn,,"Force le bouclier à rester actif. Caché, pas besoin de description ni d'icône.",,graphics/hullmods/hardened_shields.png
Autoforge de Missiles,missile_reload,,,,codex_require_related,,,,TRUE,,0,0,0,0,com.fs.starfarer.api.impl.hullmods.PeriodicMissileReload,Une autoforge à l'intérieur du vaisseau recharge périodiquement et intégralement les magasins de toutes les armes à missiles.,Recharge périodiquement toutes les armes à missiles.,,graphics/hullmods/expanded_missile_racks.png
Soutes Blindées,shielded_holds,2,,,,,,,TRUE,,0,0,0,0,data.hullmods.ShieldedCargoHolds,"Couramment installé sur les vaisseaux qui ne peuvent pas toujours compter sur les boucliers pour protéger leur cargaison des radiations cosmiques. Quelques ajustements suffisent pour que le blindage brouille les scans de cargaison à longue portée, réduisant la probabilité de détection de contrebande.",Améliore les chances d'éviter la détection de contrebande.,,graphics/hullmods/shielded_cargo_hold.png
Portique de Salvage,repair_gantry,,,,,,,,TRUE,,0,0,0,0,com.fs.starfarer.api.impl.campaign.RepairGantry,"Augmente les ressources obtenues lors du salvage de stations abandonnées, épaves, coques flottantes et autres de %s/%s/%s/%s, selon la taille de coque. N'affecte que la récupération de ressources communes comme le carburant et les fournitures, et non les objets rares comme les plans. De plus, %s du bonus s'applique au salvage post-combat.",Augmente les ressources obtenues du salvage.,,graphics/hullmods/repair_gantry.png
Champ de Phase,phasefield,,,,,,,,TRUE,,0,0,0,0,com.fs.starfarer.api.impl.hullmods.PhaseField,"Le vaisseau est capable de maintenir un champ de phase de faible intensité pendant de longues périodes, réduisant son profil capteur effectif de %s.",Réduit le profil capteur de la flotte.,,graphics/hullmods/phase_field.png
Dérivation de Flux,fluxshunt,,,,,,,,TRUE,,0,0,0,0,data.hullmods.FluxShunt,Permet au vaisseau de dissiper le flux dur à %s du taux normal lorsque les boucliers sont actifs.,Permet la dissipation du flux dur lorsque les boucliers sont levés.,,graphics/hullmods/flux_shunt.png
Coque de Grade Civil,civgrade,,,,,,,,TRUE,,0,0,0,0,data.hullmods.CivGrade,Augmente le profil capteur de %s. Réduit la puissance des capteurs de %s.,"Augmente le profil capteur, réduit la puissance des capteurs.",,graphics/hullmods/civilian_grade.png
Haute Maintenance,high_maintenance,,,,,,,,TRUE,,0,0,0,0,data.hullmods.HighMaintenance,Augmente le coût mensuel de maintenance en fournitures de %s.,Augmente le coût de maintenance.,,graphics/hullmods/high_maintenance.png
Cohéreur de Bolts Énergétiques,coherer,,,,,,,,TRUE,,0,0,0,0,com.fs.starfarer.api.impl.hullmods.EnergyBoltCoherer,<tooltip created in the script>,Augmente la portée de base des armes énergétiques non-faisceau.,,graphics/hullmods/coherer.png
Compromis de Conception,design_compromises,,,,,,,,TRUE,,0,0,0,0,com.fs.starfarer.api.impl.hullmods.DesignCompromises,"Les performances du vaisseau souffrent de priorités de conception contradictoires, avec de multiples projets de pointe intégrés trop tard dans le cycle de conception.

La dissipation et la capacité de flux du vaisseau, même les valeurs nominales de base, sont réduites de %s.

La portée des armes balistiques est réduite de %s, la cadence de tir des armes à missiles est réduite de %s, et la génération de flux des armes énergétiques est augmentée de %s.

En contrepartie, de la capacité de nanoforge supplémentaire peut être mise en ligne plus facilement, permettant l'installation d'un %s malgré la présence d'une baie de chasseurs, augmentant le nombre de baies de chasseurs opérationnelles à %s.","Réduit la portée des armes missiles et balistiques, et la dissipation/capacité de flux.",,graphics/hullmods/design_compromises.png
,,,,,,,,,,,,,,,,,,,
,,,,,,,,,,,,,,,,,,,
,,,,,,,,,,,,,,,,,,,
Câble de Remorquage Monofilament,tow_cable,,,,hide_in_codex,,,,TRUE,,0,0,0,0,com.fs.starfarer.api.impl.campaign.TowCable,"Améliore le niveau de propulsion maximal du vaisseau le plus lent de la flotte de 1. Plusieurs remorqueurs ne peuvent pas être utilisés pour accélérer le même vaisseau de plus de 1.

Ne peut pas être utilisé en combat.",Augmente le niveau de propulsion d'un autre vaisseau.,,graphics/hullmods/monofilament_cable.png
Stabilisateur de Champ de Propulsion,drive_field_stabilizer,,,,,,,,TRUE,,0,0,0,0,com.fs.starfarer.api.impl.hullmods.DriveFieldStabilizer,"Stabilise la bulle de propulsion de la flotte, augmentant la propulsion maximale de la flotte de %s. L'effet de plusieurs stabilisateurs est cumulatif.

Augmente le profil capteur du vaisseau de %s.",Réduit la consommation de carburant de la flotte.,,graphics/hullmods/augmented_drive_field.png
Kit de Soutien Terrestre,ground_support,,,,,,,,TRUE,,0,0,0,0,com.fs.starfarer.api.impl.hullmods.GroundSupport,"Armes de soutien rapproché et contre-mesures pour les défenses terrestres. Augmente la force effective des raids planétaires de %s, jusqu'au nombre total de marines dans la flotte.",Améliore l'efficacité des raids.,,graphics/hullmods/ground_support.png
Soutien Terrestre Avancé,advanced_ground_support,,,,,,,,TRUE,,0,0,0,0,com.fs.starfarer.api.impl.hullmods.AdvancedGroundSupport,"Armes de soutien rapproché et contre-mesures pour les défenses terrestres. Augmente la force effective des raids planétaires de %s, jusqu'au nombre total de marines dans la flotte.",Améliore l'efficacité des raids.,,graphics/hullmods/ground_support_adv.png
Machinerie Délicate,delicate,,,,,,,,TRUE,,0,0,0,0,data.hullmods.DelicateMachinery,"Les systèmes du vaisseau nécessitent une maintenance excessive et ne résistent pas bien aux rigueurs d'engagements prolongés.

Augmente le taux de dégradation de la DO en combat après épuisement du temps de performance maximale de %s.",Augmente le taux de dégradation de la DO après le temps de performance maximale.,,graphics/hullmods/delicate_machinery.png
Intégration Balistique Lourde,hbi,,,,,,,,TRUE,,0,0,0,0,com.fs.starfarer.api.impl.hullmods.HeavyBallisticsIntegration,Réduit le coût en points d'armement des grandes armes balistiques de %s.,Réduit le coût en points d'armement des grandes armes balistiques.,,graphics/hullmods/ballistics_integration.png
Hangar Immense,vast_hangar,,,,,,,,TRUE,,0,0,0,0,com.fs.starfarer.api.impl.hullmods.VastHangar,"Le vaisseau possède un immense hangar et une flottille de vaisseaux de soutien proportionnée.

Le nombre de baies de chasseurs ajoutées par le Hangar Improvisé est augmenté de %s, et sa performance égale celle d'une baie de chasseurs dédiée — toutes les pénalités et modificateurs, y compris ceux sur le coût de déploiement du vaisseau, sont annulés.",Augmente l'effet du Hangar Improvisé et retire ses pénalités.,,graphics/hullmods/vast_hangar.png
Construction Robuste,rugged,,,,,,,,TRUE,,0,0,0,0,com.fs.starfarer.api.impl.hullmods.RuggedConstruction,"Réduit la plupart des effets négatifs des d-mods de %s. Si désactivé ou détruit en combat, le vaisseau a %s de chances d'éviter de nouveaux d-mods, et est presque toujours récupérable après la bataille.

De plus, le coût en fournitures pour la récupération après déploiement — et pour les réparations si le vaisseau est désactivé — est réduit de %s.",Réduit l'impact des d-mods ; vaisseau presque toujours récupérable en cas de perte.,,graphics/hullmods/rugged_construction.png
Vaisseau Automatisé,automated,,,,codex_require_related,,,,TRUE,,0,0,0,0,com.fs.starfarer.api.impl.hullmods.Automated,"Ce vaisseau est entièrement automatisé, et ne nécessite pas — et ne peut pas embarquer — d'équipage humain.",Ne nécessite pas et ne peut pas supporter d'équipage.,,graphics/hullmods/automated.png
Noyau de Ciblage Avancé,advancedcore,,,,,,,,TRUE,,0,0,0,0,data.hullmods.AdvancedTargetingCore,"Augmente la portée des armes balistiques et énergétiques de %s. La portée des armes de défense de point n'est augmentée que de %s.

Exclut l'installation d'un Noyau de Ciblage Dédié ou d'un Module de Ciblage Intégré.",Augmente considérablement la portée des armes non-missiles.,,graphics/hullmods/advanced_targeting_core.png
Supercalculateur de Ciblage,supercomputer,,,,,,,,TRUE,,0,0,0,0,data.hullmods.TargetingSupercomputer,"Augmente la portée des armes balistiques et énergétiques de %s. La portée des armes de défense de point n'est augmentée que de %s.

Améliore également la précision du guidage de tir et augmente considérablement la portée des capteurs en combat.",Augmente considérablement la portée des armes non-missiles.,,graphics/hullmods/targeting_supercomputer.png
Bobines de Phase Expérimentales,ex_phase_coils,,,,codex_require_related,,,,TRUE,,0,0,0,0,com.fs.starfarer.api.impl.hullmods.ExperimentalPhaseCoils,Réduit le temps de rechargement du voile de phase de %s.,Réduit considérablement le temps de rechargement du voile de phase.,,graphics/hullmods/phase_coils_experimental.png
Attracteur Haute Volition,high_frequency_attractor,,,,codex_require_related,,,,TRUE,,0,0,0,0,com.fs.starfarer.api.combat.BaseHullMod,Une modification expérimentale permettant aux particules haute fréquence d'être attirées par le noyau de faille à bord du vaisseau.,Lance des particules haute fréquence plus puissantes.,,graphics/hullmods/high_volition_attractor.png
Blindage Ablatif,ablative_armor,,,,,,,,TRUE,,0,0,0,0,com.fs.starfarer.api.impl.hullmods.AblativeArmor,"Un ancien design conçu pour arrêter les micro-météorites par le volume brut de matériau en place, avant l'avènement du blindage ""espacé"".

Réduit la résistance effective du blindage pour le calcul de réduction des dégâts à %s de sa valeur réelle. Cependant, les vaisseaux de cette conception ont tendance à embarquer un blindage extrêmement lourd.",Réduit la réduction des dégâts par le blindage.,,graphics/hullmods/ablative_armor.png
Contrôle de Tir Distribué,distributed_fire_control,,,,,,,,TRUE,,0,0,0,0,com.fs.starfarer.api.impl.hullmods.DistributedFireControl,"Une grande partie des dégâts qui mettent les armes hors service touche les circuits de commande externes et les conduits d'alimentation. Les armes de ce vaisseau sont conçues pour fonctionner de manière plus autonome, réduisant leur exposition aux dégâts de %s et réduisant les dégâts EMP subis par le vaisseau de %s.",Augmente la résistance des armes et réduit les dégâts EMP subis.,,graphics/hullmods/distributed_fire_control2.png
Soute à Cargo Convertie,converted_bay,1,,,,,,,TRUE,,0,0,0,0,data.hullmods.ConvertedCargoBay,"La soute à cargo de ce vaisseau a été convertie pour abriter deux baies de chasseurs. La manufacture improvisée qui produit les châssis de chasseurs est peu fiable, et la plupart des composants présentent des défauts mineurs. Vitesse des chasseurs réduite de %s, et dégâts subis augmentés de %s.",Paire de baies de chasseurs improvisées.,,graphics/hullmods/converted_hangar.png
Modifications Spéciales,andrada_mods,,,,"dmod, codex_require_related",,,,TRUE,,0,0,0,0,com.fs.starfarer.api.impl.hullmods.AndradaMods,"Lors de l'inspection d'un prototype précoce, le Suprême Exécuteur fut entendu commenter défavorablement les conduits exposés le long des coursives, et le danger que ceux-ci devaient représenter pour le brave et loyal équipage en conditions de combat.

Le nouveau chef de projet, un officier loyal nommé par le Suprême Exécuteur lui-même, ordonna aux programmeurs de forge d'accommoder l'installation de panneaux isolants spéciaux anti-explosion produits par Sindria elle-même.

Si les coursives sont un peu plus étroites, les conduits sujets à la surchauffe, et les panneaux encastrés quelque peu difficiles d'accès, les rapports officiels de disponibilité n'incluent aucune critique des changements. Tout le monde s'accorde en public et — comme peut en attester le Ministère de la Sécurité Intérieure — en privé, que la grandeur austère de la flotte de la Garde du Lion est à couper le souffle.

Les pertes d'équipage en combat sont augmentées de %s. Le taux de dissipation de flux de base est réduit de %s, et le taux de réparation des armes et moteurs désactivés est réduit de %s.",Réduit les performances du vaisseau.,,graphics/hullmods/special_modifications.png
Masse Immense,vastbulk,,,,,,,,TRUE,,0,0,0,0,data.hullmods.VastBulk,"Le corps principal de cette structure est immense et est, à toutes fins pratiques, capable d'absorber n'importe quelle quantité de dégâts d'armes conventionnelles sans être détruit.",,,graphics/hullmods/vast_bulk.png
Rotation Axiale,axialrotation,,,,,,,,TRUE,,0,0,0,0,data.hullmods.AxialRotation,Cette structure effectue une rotation constante autour de son axe.,,,graphics/hullmods/axial_rotation.png
Rotation d'Ancrage,anchorrotation,,,,,,,,TRUE,TRUE,0,0,0,0,data.hullmods.AnchorRotation,Cette structure effectue une rotation autour de son point d'ancrage. Pour les modules de station uniquement.,,,graphics/hullmods/axial_rotation.png
Explosion Réduite,reduced_explosion,,,,,,,,TRUE,TRUE,0,0,0,0,data.hullmods.ReducedExplosion,Rayon et dégâts d'explosion réduits.,,,graphics/hullmods/reduced_explosion.png
Se Détache Toujours,always_detaches,,,,,,,,TRUE,TRUE,0,0,0,0,data.hullmods.AlwaysDetaches,Se détache toujours de la structure parente lorsque détruit.,,,graphics/hullmods/detach_always.png
Ne Se Détache Jamais,never_detaches,,,,,,,,TRUE,TRUE,0,0,0,0,data.hullmods.NeverDetaches,Ne se détache jamais de la structure parente lorsque détruit.,,,graphics/hullmods/detach_never.png
Pas de Flux d'Arme,no_weapon_flux,,,,,,,,TRUE,TRUE,0,0,0,0,data.hullmods.NoWeaponFlux,Le tir des armes ne coûte pas de flux. Utilisé sur les chasseurs pour un contrôle fin des points de vie effectifs des boucliers.,,,
Ne Pas Tirer Au Travers,do_not_fire_through,,,,,,,,TRUE,TRUE,0,0,0,0,data.hullmods.DoNotFireThrough,"Les armes sur d'autres modules d'une station éviteront de tirer à travers ce module, même si les tirs passeraient au-dessus sans le toucher.",,,
Générateur de Fragments,shard_spawner,,,,,,,,TRUE,TRUE,0,0,0,0,com.fs.starfarer.api.impl.hullmods.ShardSpawner,Génère des vaisseaux fragments lorsque le vaisseau est désactivé/détruit.,,,
Ne Pas Reculer,do_not_back_off,,,,,,,,TRUE,TRUE,0,0,0,0,com.fs.starfarer.api.impl.hullmods.DoNotBackOff,Active le drapeau IA DO_NOT_BACK_OFF,,,
,,,,,,,,,,,,,,,,,,,
,,,,,,,,,,,,,,,,,,,
Coque de Menace,threat_hullmod,,,,"codex_require_related, threat",,,,TRUE,,0,0,0,0,com.fs.starfarer.api.impl.combat.threat.ThreatHullmod,Hullmod caché pour gérer les propriétés spéciales des vaisseaux Menace. Description créée par le script.,,,graphics/hullmods/the_threat.png
Essaim de Fragments,fragment_swarm,,,,"codex_unlockable, fragment, no_drop_salvage","Weapons, Special",30000,,,,6,12,18,30,com.fs.starfarer.api.impl.combat.threat.FragmentSwarmHullmod,"Un essaim de fragments de Menace tourbillonne autour du vaisseau, fournissant un approvisionnement régénérant de fragments pour les armes à fragments.

Le nombre de base de fragments est de %s/%s/%s/%s, et les fragments de remplacement sont lancés %s/%s/%s/%s fois par seconde, selon la taille de coque.

Ce hullmod est requis pour le fonctionnement des armes à fragments ; si le hullmod n'est pas présent ou s'il n'y a pas assez de fragments dans l'essaim, les armes à fragments seront désactivées.",Un essaim de fragments de Menace tourbillonne autour du vaisseau.,Réduit la disponibilité opérationnelle maximale de %s et augmente le coût de maintenance de %s.,graphics/hullmods/fragment_swarm.png
Fabricateur Secondaire,secondary_fabricator,,,,"codex_unlockable, fragment, no_drop_salvage","Weapons, Special",20000,,,,3,6,9,15,com.fs.starfarer.api.impl.combat.threat.SecondaryFabricatorHullmod,Augmente la vitesse à laquelle les fragments de remplacement sont lancés de %s.,Augmente le taux de remplacement des fragments.,Augmente le taux de remplacement des fragments de %s supplémentaires.,graphics/hullmods/secondary_fabricator.png
Coordinateur de Fragments,fragment_coordinator,,,,"codex_unlockable, fragment, no_drop_salvage","Weapons, Special",15000,,,,3,6,9,15,com.fs.starfarer.api.impl.combat.threat.FragmentCoordinatorHullmod,Augmente le nombre maximal de fragments dans l'essaim de fragments du vaisseau de %s.,Augmente la taille de l'essaim de fragments autour du vaisseau.,Augmente la taille de l'essaim de fragments de %s supplémentaires.,graphics/hullmods/fragment_coordinator.png
,,,,,,,,,,,,,,,,,,,
,,,,,,,,,,,,,,,,,,,
Modification Resident,dweller_hullmod,,,,dweller,,,,TRUE,TRUE,0,0,0,0,com.fs.starfarer.api.impl.combat.dweller.DwellerHullmod,Ajoute les visuels et mécaniques personnalisées du Résident du Voile. Non visible par le joueur.,,,
Manteau du Voile,shrouded_mantle,,,,"codex_unlockable, shrouded, no_drop_salvage",Special,,,,,3,6,9,15,com.fs.starfarer.api.impl.combat.dweller.ShroudedMantleHullmod,"Le vaisseau tentera de reculer (si possible) loin du danger lorsqu'il subit des dégâts de coque substantiels.

Les pertes d'équipage en combat sont augmentées de %s.",Le vaisseau recule face aux dégâts.,Le vaisseau bénéficie de %s de la guérison fournie par la Faille Vorace.,graphics/hullmods/shrouded_mantle.png
Tête de Tonnerre du Voile,shrouded_thunderhead,,,,"codex_unlockable, shrouded, no_drop_salvage","Weapons, Special",,,,,5,10,15,25,com.fs.starfarer.api.impl.combat.dweller.ShroudedThunderheadHullmod,<created by script>,Le vaisseau tire des éclairs de Faille sur les cibles récentes de ses armes.,,graphics/hullmods/shrouded_thunderhead.png
Lentille du Voile,shrouded_lens,,,,"codex_unlockable, shrouded, no_drop_salvage",Special,,,,,3,6,9,15,com.fs.starfarer.api.impl.combat.dweller.ShroudedLensHullmod,<created by script>,"La Lentille se focalise automatiquement sur les cibles proches, infligeant des dégâts en zone.",,graphics/hullmods/shrouded_lens.png
,,,,,,,,,,,,,,,,,,,
,,,,,,,,,,,,,,,,,,,
14e Groupe de Bataille,fourteenth,,,,,,,,TRUE,,0,0,0,0,data.hullmods.Fourteenth,"Ce vaisseau est un survivant du 14e Groupe de Bataille du Domain originel qui fonda l'Hégémonie. C'est un spécimen de premier ordre de la doctrine de « bataille décisive » de la Marine du Domain, particulièrement illustrée par une série de modifications structurelles radicales (réalisées avec des méthodes industrielles d'avant l'Effondrement) qui permettent le montage de plaques de blindage plus lourdes avec une augmentation fixe de %s unités standard, avec seulement une réduction de %s en vitesse et maniabilité. Des systèmes énergétiques exceptionnellement bien calibrés augmentent le débit et la capacité de flux de %s par rapport aux exemplaires standard de cette coque.",,,graphics/hullmods/fourteenth.png
Auxiliaire Hégémonique Militarisé,heg_militarized,,,,hide_in_codex,,,,TRUE,,0,0,0,0,data.hullmods.Militarized,"Ce vaisseau est — ou était — sur la liste auxiliaire de l'Hégémonie. Des kits de surblindage appliqués dans les chantiers navals de l'Hégémonie offrent une augmentation de %s/%s/%s/%s de la résistance du blindage selon la taille de coque, sans perte de performance. Les systèmes d'alimentation principaux ont été mis aux normes militaires, offrant une amélioration de %s de la maniabilité générale, une augmentation de %s de la capacité de flux, une augmentation de %s de la dissipation de flux et une augmentation du niveau de propulsion maximale de %s.",,,graphics/hullmods/militarized_hegemony_auxiliary.png
,,,,,,,,,,,,,,,,,,,
,,,,,,,,,,,,,,,,,,,
,,,,,,,,,,,,,,,,,,,
Blindage Compromis,comp_armor,,,,"dmod, damage, damageStruct",,,,TRUE,,0,0,0,0,data.hullmods.CompromisedArmor,"Le blindage de ce vaisseau a subi des dommages majeurs et irréparables à un moment donné, ou souffre d'erreurs majeures dans le processus de fabrication. Blindage réduit de %s.

Coût en fournitures pour la récupération après déploiement réduit de %s.",,,graphics/hullmods/compromised_armor.png
Coque Compromise,comp_hull,,,,"dmod, damage, damageStruct",,,,TRUE,,0,0,0,0,data.hullmods.CompromisedHull,"La coque de ce vaisseau a subi des dommages majeurs et irréparables à un moment donné, ou souffre d'erreurs majeures dans le processus de fabrication. Intégrité de coque réduite de %s.

Coût en fournitures pour la récupération après déploiement réduit de %s.",,,graphics/hullmods/compromised_hull.png
Moteurs Dégradés,degraded_engines,,,,"dmod, damage",,,,TRUE,,0,0,0,0,data.hullmods.DegradedEngines,"Qu'il s'agisse de dommages de combat, de défauts de fabrication ou de cycles de maintenance insuffisante, les moteurs de ce vaisseau souffrent d'une dégradation permanente de performance en combat.

Vitesse maximale et maniabilité en combat réduites de %s.

Coût en fournitures pour la récupération après déploiement réduit de %s.",,,graphics/hullmods/degraded_engines.png
Champ de Propulsion Dégradé,degraded_drive_field,,,,"dmod, damage, civOnly",,,,TRUE,,0,0,0,0,data.hullmods.DegradedDriveField,"Qu'il s'agisse de dommages de combat, de défauts de fabrication ou de cycles de maintenance insuffisante, le champ de propulsion de ce vaisseau souffre d'une dégradation permanente de performance.

Niveau de propulsion maximal réduit de %s. Profil capteur augmenté de %s.

Coût en fournitures pour la récupération après déploiement réduit de %s.",,,graphics/hullmods/degraded_drivefield.png
Grille Énergétique Défectueuse,faulty_grid,,,,"dmod, damage",,,,TRUE,,0,0,0,0,data.hullmods.FaultyPowerGrid,"Qu'il s'agisse de dommages de combat, de défauts de fabrication ou de cycles de maintenance insuffisante, la grille énergétique de ce vaisseau ne sera jamais capable d'atteindre sa performance maximale.

Capacité de flux réduite de %s. Taux de dissipation de flux réduit de %s. Profil capteur augmenté de %s.

Coût en fournitures pour la récupération après déploiement réduit de %s.",,,graphics/hullmods/faulty_power_grid.png
Instabilité des Bobines de Phase,unstable_coils,,,,"dmod, phaseDamage",,,,TRUE,,0,0,0,0,data.hullmods.PhaseCoilInstability,"Les bobines de phase de ce vaisseau sont impossibles à calibrer correctement en raison de défauts subtils. Réduit le bonus de temps de phase de %s, réduit le temps de performance maximale de %s, et augmente le taux de dégradation de la disponibilité opérationnelle de %s.

Coût en fournitures pour la récupération après déploiement réduit de %s.",,,graphics/hullmods/phase_coil_instability.png
Dommages Structurels,comp_structure,,,,"dmod, damageStruct, destroyedDamageAlways",,,,TRUE,,0,0,0,0,com.fs.starfarer.api.impl.hullmods.CompromisedStructure,"La coque de ce vaisseau a probablement subi des dégâts extrêmes par le passé, possiblement au point de se briser. Blindage réduit de %s, intégrité de coque réduite de %s.

Coût en fournitures pour la récupération après déploiement réduit de %s.",,,graphics/hullmods/structural_damage.png
Réseau de Capteurs Défaillant,glitched_sensors,,,,"dmod, damage",,,,TRUE,,0,0,0,0,com.fs.starfarer.api.impl.hullmods.GlitchedSensorArray,"Le réseau de capteurs du vaisseau est endommagé au-delà de toute réparation possible sans une révision complète de la coque. Portée des armes en combat réduite de %s. Puissance des capteurs réduite de %s.

Coût en fournitures pour la récupération après déploiement réduit de %s.",,,graphics/hullmods/glitched_sensor_array.png
Communications Défaillantes,malfunctioning_comms,,,,"dmod, fighterBayDamage",,,,TRUE,,0,0,0,0,com.fs.starfarer.api.impl.hullmods.MalfunctioningComms,"Le système de communication a subi de sérieux dommages, rendant la percée du brouillage de combat encore plus difficile. Portée d'engagement des chasseurs réduite de %s.

Coût en fournitures pour la récupération après déploiement réduit de %s.",,,graphics/hullmods/malfunctioning_comms.png
Manufacture Défectueuse,defective_manufactory,,,,"dmod, fighterBayDamage",,,,TRUE,,0,0,0,0,com.fs.starfarer.api.impl.hullmods.DefectiveManufactory,"La manufacture qui produit les châssis de chasseurs est peu fiable, et la plupart des composants présentent des défauts mineurs. Vitesse des chasseurs réduite de %s, et dégâts subis augmentés de %s.

Coût en fournitures pour la récupération après déploiement réduit de %s.",,,graphics/hullmods/defective_manufactory.png
Pont d'Envol Endommagé,damaged_deck,,,,"dmod, fighterBayDamage",,,,TRUE,,0,0,0,0,com.fs.starfarer.api.impl.hullmods.DamagedFlightDeck,"Les ponts d'envol de ce vaisseau ont subi des dommages majeurs et interfèrent sérieusement avec le fonctionnement normal. Le temps de lancement des chasseurs de remplacement est augmenté de %s.

Coût en fournitures pour la récupération après déploiement réduit de %s.",,,graphics/hullmods/damaged_flight_deck.png
Sous-systèmes Fragiles,fragile_subsystems,,,,"dmod, damage, peak_time, notPhase",,,,TRUE,,0,0,0,0,com.fs.starfarer.api.impl.hullmods.FragileSubsystems,"Une perte généralisée de composants redondants réduit le temps de performance maximale de %s, et augmente le taux de dégradation de la disponibilité opérationnelle de %s.

Coût en fournitures pour la récupération après déploiement réduit de %s.",,,graphics/hullmods/fragile_subsystems.png
Stockage Compromis,comp_storage,,,,"dmod, damage, civOnly",,,,TRUE,,0,0,0,0,com.fs.starfarer.api.impl.hullmods.CompromisedStorage,"La capacité de stockage de ce vaisseau est significativement dégradée. Capacité d'équipage, de cargo et de carburant réduite de %s.

Coût en fournitures pour la récupération après déploiement réduit de %s.",,,graphics/hullmods/compromised_storage.png
Maintenance Accrue,increased_maintenance,,,,"dmod, damage, civ, notAuto",,,,TRUE,,0,0,0,0,com.fs.starfarer.api.impl.hullmods.IncreasedMaintenance,"Augmente le coût mensuel de maintenance en fournitures de %s. Augmente l'équipage minimum requis de %s. Réduit la disponibilité opérationnelle maximale de %s.

Coût en fournitures pour la récupération après déploiement réduit de %s.","Augmente le coût de maintenance et les besoins en équipage, réduit la disponibilité opérationnelle maximale.",,graphics/hullmods/increased_maintenance.png
Injecteur de Carburant Erratique,erratic_injector,,,,"dmod, damage, civ",,,,TRUE,,0,0,0,0,com.fs.starfarer.api.impl.hullmods.ErraticInjector,"Augmente la consommation de carburant de %s et réduit le boost à flux zéro de %s su/seconde.

Coût en fournitures pour la récupération après déploiement réduit de %s.",Augmente la consommation de carburant et réduit le boost à flux zéro.,,graphics/hullmods/erratic_injector.png
Systèmes Automatisés Défaillants,faulty_auto,,,,"dmod, damage, notAuto",,,,TRUE,,0,0,0,0,com.fs.starfarer.api.impl.hullmods.FaultyAutomatedSystems,"Augmente l'équipage minimum requis de %s et réduit la disponibilité opérationnelle maximale de %s.

Coût en fournitures pour la récupération après déploiement réduit de %s.","Augmente l'équipage minimum requis, réduit la disponibilité opérationnelle maximale.",,graphics/hullmods/faulty_automated_systems.png
Supports d'Armes Endommagés,damaged_mounts,,,,"dmod, damage",,,,TRUE,,0,0,0,0,com.fs.starfarer.api.impl.hullmods.DamagedWeaponMounts,"Réduit la vitesse de rotation des armes de %s et augmente le recul de %s.

Coût en fournitures pour la récupération après déploiement réduit de %s.",Réduit la vitesse de rotation des armes et augmente le recul.,,graphics/hullmods/damaged_weapon_mounts.png
Support Vital Dégradé,degraded_life_support,,,,"dmod, damage, notAuto",,,,TRUE,,0,0,0,0,com.fs.starfarer.api.impl.hullmods.DegradedLifeSupport,"Réduit la capacité maximale d'équipage de %s, et la disponibilité opérationnelle maximale de %s.

Coût en fournitures pour la récupération après déploiement réduit de %s.",Réduit la capacité maximale d'équipage et la disponibilité opérationnelle.,,graphics/hullmods/degraded_life_support.png
Boucliers Dégradés,degraded_shields,,,,"dmod, damage, reqShields",,,,TRUE,,0,0,0,0,com.fs.starfarer.api.impl.hullmods.DegradedShields,"Augmente les dégâts subis par les boucliers de %s.

Coût en fournitures pour la récupération après déploiement réduit de %s.",Augmente les dégâts subis par les boucliers.,,graphics/hullmods/degraded_shields.png
,,,,,,,,,,,,,,,,,,,
Supports d'Armes Détruits,destroyed_mounts,,,,dmod,,,,TRUE,,0,0,0,0,data.hullmods.DestroyedWeaponMounts,Certains des emplacements d'armes originaux de ce vaisseau ont été endommagés au-delà de toute réparation et ne peuvent plus être utilisés.,,,graphics/hullmods/damaged_weapon_mounts.png
Modifications Malvenues,ill_advised,,,,dmod,,,,TRUE,,0,0,0,0,data.hullmods.IllAdvised,"Les systèmes de cette coque ont été drastiquement modifiés par rapport aux spécifications, probablement sans supervision d'ingénierie certifiée. Ses systèmes semblent fonctionner correctement dans des conditions de routine, mais présentent un risque significatif de dysfonctionnement critique sous contrainte.",,,graphics/hullmods/illadvised.png
